City,Lat,Lng,Max Temp,Humidity,Cloudiness,Wind Speed,Country,Date
wenceslau braz,-23.87,-49.8,82.0,75,23,3.0,BR,2020-10-20
ushuaia,-54.8,-68.3,42.8,60,75,23.04,AR,2020-10-20
piacabucu,-10.41,-36.43,82.8,59,15,13.15,BR,2020-10-20
freeport,40.66,-73.58,64.99,93,90,4.7,US,2020-10-20
leningradskiy,69.38,178.42,31.28,91,82,9.28,RU,2020-10-20
lata,40.16,-8.33,61.0,96,100,4.0,PT,2020-10-20
waingapu,-9.66,120.26,80.11,77,76,5.64,ID,2020-10-20
boa vista,2.82,-60.67,89.6,55,90,5.82,BR,2020-10-20
hithadhoo,-0.6,73.08,83.07,77,72,11.68,MV,2020-10-20
busselton,-33.65,115.33,55.99,91,77,9.06,AU,2020-10-20
rikitea,-23.12,-134.97,73.27,78,4,12.88,PF,2020-10-20
beringovskiy,63.05,179.32,41.13,89,100,13.62,RU,2020-10-20
kapaa,22.08,-159.32,73.99,80,44,9.06,US,2020-10-20
pittsfield,42.45,-73.25,60.8,77,90,8.05,US,2020-10-20
gitarama,-2.07,29.76,68.0,77,40,6.93,RW,2020-10-20
nome,64.5,-165.41,30.2,92,40,3.78,US,2020-10-20
albany,42.6,-73.97,61.0,79,100,2.98,US,2020-10-20
anadyr,64.75,177.48,42.8,81,75,20.13,RU,2020-10-20
camana,-16.62,-72.71,67.82,64,22,9.17,PE,2020-10-20
nikolskoye,59.7,30.79,37.99,69,75,4.47,RU,2020-10-20
hobart,-42.88,147.33,53.6,81,90,5.82,AU,2020-10-20
saint-joseph,-21.37,55.62,75.2,78,37,14.99,RE,2020-10-20
punta arenas,-53.15,-70.92,48.2,45,75,27.51,CL,2020-10-20
lorengau,-2.02,147.27,81.39,70,96,3.13,PG,2020-10-20
keshorai patan,25.3,75.93,80.4,25,0,6.73,IN,2020-10-20
izyaslav,50.12,26.82,44.55,81,90,2.13,UA,2020-10-20
ilulissat,69.22,-51.1,39.2,80,75,9.17,GL,2020-10-20
jamestown,42.1,-79.24,48.99,100,90,3.36,US,2020-10-20
joensuu,62.6,29.76,34.0,100,90,5.82,FI,2020-10-20
avera,33.19,-82.53,73.4,73,1,6.93,US,2020-10-20
avarua,-21.21,-159.78,73.4,100,28,2.24,CK,2020-10-20
jiayuguan,39.82,98.3,46.96,44,2,6.31,CN,2020-10-20
lusambo,-4.97,23.45,69.69,93,92,7.11,CD,2020-10-20
hilo,19.73,-155.09,69.8,73,1,5.82,US,2020-10-20
dunedin,-45.87,170.5,48.0,86,100,4.43,NZ,2020-10-20
east london,-33.02,27.91,66.2,42,45,23.04,ZA,2020-10-20
vaini,-21.2,-175.2,69.8,77,20,9.17,TO,2020-10-20
mulanje,-16.03,35.5,91.4,24,40,6.93,MW,2020-10-20
san ramon de la nueva oran,-23.13,-64.33,93.99,38,13,4.0,AR,2020-10-20
cidreira,-30.18,-50.21,75.65,67,0,11.07,BR,2020-10-20
villa union,23.2,-106.23,86.0,79,40,3.36,MX,2020-10-20
paamiut,61.99,-49.67,39.04,88,100,22.64,GL,2020-10-20
leh,34.17,77.58,39.97,43,0,3.0,IN,2020-10-20
georgetown,5.41,100.34,84.2,83,40,2.24,MY,2020-10-20
new norfolk,-42.78,147.06,53.01,75,100,2.19,AU,2020-10-20
bluff,-46.6,168.33,44.01,89,91,1.01,NZ,2020-10-20
cape town,-33.93,18.42,64.99,48,3,14.99,ZA,2020-10-20
tikapur,28.5,81.13,72.68,62,0,3.98,NP,2020-10-20
clyde river,70.47,-68.59,32.0,88,1,27.51,CA,2020-10-20
bonnyville,54.27,-110.73,21.2,85,90,5.82,CA,2020-10-20
hamilton,39.18,-84.53,51.8,93,90,4.7,US,2020-10-20
arraial do cabo,-22.97,-42.03,80.6,69,40,21.92,BR,2020-10-20
mehamn,71.04,27.85,33.8,81,75,3.36,NO,2020-10-20
barrow,71.29,-156.79,28.4,86,90,8.05,US,2020-10-20
puerto ayora,-0.74,-90.35,77.0,73,75,10.29,EC,2020-10-20
kiruna,67.86,20.23,19.4,92,19,1.43,SE,2020-10-20
tuktoyaktuk,69.45,-133.04,23.0,85,90,16.11,CA,2020-10-20
bethel,41.37,-73.41,64.0,93,90,3.36,US,2020-10-20
la paz,-16.5,-68.15,59.0,38,40,8.05,BO,2020-10-20
castro,-24.79,-50.01,81.14,49,47,2.3,BR,2020-10-20
champerico,14.3,-91.92,82.4,78,75,4.7,GT,2020-10-20
saldanha,-33.01,17.94,59.81,70,0,19.22,ZA,2020-10-20
taltal,-25.4,-70.48,66.58,52,15,5.17,CL,2020-10-20
darhan,49.49,105.92,27.46,78,42,6.35,MN,2020-10-20
turtas,58.94,69.13,38.03,98,100,5.03,RU,2020-10-20
olga,43.74,135.29,44.33,71,0,3.29,RU,2020-10-20
mataura,-46.19,168.86,44.01,89,96,3.0,NZ,2020-10-20
kodiak,57.79,-152.41,41.0,65,1,10.29,US,2020-10-20
dawlatabad,36.41,64.91,54.43,36,0,1.39,AF,2020-10-20
synya,65.37,58.04,25.52,98,92,2.04,RU,2020-10-20
dikson,73.51,80.55,21.85,95,93,9.98,RU,2020-10-20
nantucket,41.28,-70.1,59.0,100,90,8.05,US,2020-10-20
ribeira grande,38.52,-28.7,62.6,67,40,9.17,PT,2020-10-20
korla,41.76,86.15,48.0,75,0,3.0,CN,2020-10-20
srednekolymsk,67.45,153.68,17.53,97,94,3.06,RU,2020-10-20
kloulklubed,7.04,134.26,75.2,88,75,12.75,PW,2020-10-20
prainha,-1.8,-53.48,96.31,36,87,6.96,BR,2020-10-20
dauphin,51.15,-100.05,23.0,73,90,2.24,CA,2020-10-20
kyra,49.58,111.98,22.46,83,36,11.95,RU,2020-10-20
padang,-0.95,100.35,79.86,75,86,3.76,ID,2020-10-20
norman wells,65.28,-126.83,17.6,85,75,13.87,CA,2020-10-20
longyearbyen,78.22,15.64,24.8,68,20,3.36,SJ,2020-10-20
airai,-8.93,125.41,61.47,80,100,1.86,TL,2020-10-20
maceio,-9.67,-35.74,84.2,48,40,12.75,BR,2020-10-20
port lincoln,-34.73,135.87,59.11,79,98,10.67,AU,2020-10-20
serta,39.81,-8.1,64.99,96,100,1.99,PT,2020-10-20
lebu,-37.62,-73.65,54.09,62,0,19.19,CL,2020-10-20
pevek,69.7,170.31,31.17,94,91,20.85,RU,2020-10-20
srivardhan,18.03,73.02,79.61,88,93,1.92,IN,2020-10-20
general roca,-39.03,-67.58,62.6,36,18,11.41,AR,2020-10-20
chuy,-33.7,-53.46,61.16,69,100,17.34,UY,2020-10-20
atuona,-9.8,-139.03,76.71,76,11,21.16,PF,2020-10-20
mackay,-21.15,149.2,75.2,78,0,9.17,AU,2020-10-20
kachug,53.96,105.88,26.53,86,86,2.08,RU,2020-10-20
rovaniemi,66.5,25.72,24.8,92,90,5.82,FI,2020-10-20
taksimo,56.34,114.88,18.9,84,6,2.95,RU,2020-10-20
namibe,-15.2,12.15,70.56,79,58,9.04,AO,2020-10-20
tuatapere,-46.13,167.68,44.01,89,57,3.0,NZ,2020-10-20
novyy urengoy,66.08,76.63,25.57,98,100,6.58,RU,2020-10-20
tandil,-37.32,-59.13,61.23,46,77,9.28,AR,2020-10-20
saint-philippe,-21.36,55.77,75.2,78,40,14.99,RE,2020-10-20
marawi,8.0,124.29,75.99,95,100,4.0,PH,2020-10-20
cheyenne,41.14,-104.82,57.0,30,1,12.75,US,2020-10-20
tarauaca,-8.16,-70.77,94.87,41,57,3.53,BR,2020-10-20
esperance,-33.87,121.9,59.0,100,90,12.75,AU,2020-10-20
hualmay,-11.1,-77.61,70.03,63,2,8.77,PE,2020-10-20
pundaguitan,6.37,126.17,83.48,74,77,11.9,PH,2020-10-20
wanaka,-44.7,169.15,41.0,79,23,1.01,NZ,2020-10-20
sobolevo,54.43,31.9,36.66,81,77,8.14,RU,2020-10-20
coquimbo,-29.95,-71.34,62.6,67,0,13.87,CL,2020-10-20
san vicente,-26.62,-54.13,89.6,33,22,4.07,AR,2020-10-20
sitka,57.05,-135.33,41.0,86,90,10.29,US,2020-10-20
nouakchott,18.09,-15.98,105.8,12,0,18.34,MR,2020-10-20
alice springs,-23.7,133.88,71.6,73,75,10.29,AU,2020-10-20
kittery,43.09,-70.74,61.0,82,90,8.05,US,2020-10-20
talnakh,69.49,88.4,8.6,84,75,4.47,RU,2020-10-20
klaksvik,62.23,-6.59,44.6,70,44,10.29,FO,2020-10-20
flinders,-34.58,150.86,62.01,86,33,1.01,AU,2020-10-20
vardo,70.37,31.11,35.6,72,40,18.34,NO,2020-10-20
naze,28.37,129.48,75.2,83,75,12.75,JP,2020-10-20
grand gaube,-20.01,57.66,75.99,68,0,5.99,MU,2020-10-20
butaritari,3.07,172.79,81.81,74,100,9.24,KI,2020-10-20
chara,56.91,118.26,17.91,91,100,6.22,RU,2020-10-20
port alfred,-33.59,26.89,63.57,64,82,19.75,ZA,2020-10-20
caravelas,-17.71,-39.25,81.28,65,99,9.01,BR,2020-10-20
praia,14.92,-23.51,91.4,52,75,14.99,CV,2020-10-20
port moresby,-9.44,147.18,75.69,92,50,8.79,PG,2020-10-20
aligudarz,33.4,49.69,54.95,26,0,2.75,IR,2020-10-20
santa lucia,27.91,-15.54,86.0,55,20,11.41,ES,2020-10-20
victoria,22.29,114.16,75.99,66,5,1.01,HK,2020-10-20
karratha,-20.74,116.85,69.13,86,5,12.55,AU,2020-10-20
wajima,37.4,136.9,62.96,58,0,16.98,JP,2020-10-20
grindavik,63.84,-22.43,39.2,71,75,9.17,IS,2020-10-20
lompoc,34.64,-120.46,53.6,100,90,3.36,US,2020-10-20
tinaogan,9.78,123.15,80.6,88,75,6.6,PH,2020-10-20
bengkulu,-3.8,102.27,77.04,84,98,4.52,ID,2020-10-20
bredasdorp,-34.53,20.04,66.2,48,0,14.99,ZA,2020-10-20
manzhouli,49.6,117.43,34.92,88,68,14.0,CN,2020-10-20
kalmar,56.66,16.36,51.8,81,75,13.87,SE,2020-10-20
port hardy,50.7,-127.42,44.6,93,75,3.36,CA,2020-10-20
mahebourg,-20.41,57.7,77.0,65,40,10.29,MU,2020-10-20
upernavik,72.79,-56.15,33.31,87,100,5.26,GL,2020-10-20
saint george,37.1,-113.58,55.4,24,1,3.36,US,2020-10-20
hermanus,-34.42,19.23,63.0,61,0,4.0,ZA,2020-10-20
ponta do sol,32.67,-17.1,77.0,44,20,5.82,PT,2020-10-20
gwadar,25.12,62.33,79.68,43,0,11.59,PK,2020-10-20
sao felix do xingu,-6.64,-51.99,101.12,25,99,6.02,BR,2020-10-20
san quintin,30.48,-115.95,70.63,75,26,9.48,MX,2020-10-20
fort-shevchenko,44.51,50.26,56.34,63,27,12.62,KZ,2020-10-20
chapais,49.78,-74.85,37.4,69,40,3.36,CA,2020-10-20
mawlaik,23.63,94.42,74.64,94,97,1.43,MM,2020-10-20
provideniya,64.38,-173.3,38.25,94,80,9.31,RU,2020-10-20
carnarvon,-24.87,113.63,68.0,72,0,18.34,AU,2020-10-20
tiksi,71.69,128.87,12.74,93,100,15.88,RU,2020-10-20
villazon,-22.09,-65.59,61.57,29,0,12.71,BO,2020-10-20
faanui,-16.48,-151.75,78.3,82,75,14.47,PF,2020-10-20
shingu,33.73,135.98,58.6,75,15,5.97,JP,2020-10-20
severo-kurilsk,50.68,156.12,39.99,71,18,23.82,RU,2020-10-20
pirae,-17.52,-149.53,77.0,69,20,10.29,PF,2020-10-20
marsh harbour,26.54,-77.06,81.55,77,70,22.93,BS,2020-10-20
westport,41.14,-73.36,64.4,93,90,5.82,US,2020-10-20
ilo,-17.64,-71.34,66.2,72,90,6.06,PE,2020-10-20
mar del plata,-38.0,-57.56,59.0,38,97,13.87,AR,2020-10-20
xichang,27.9,102.26,46.87,79,100,6.58,CN,2020-10-20
harlow,51.78,0.11,64.0,72,75,14.99,GB,2020-10-20
lingdong,46.57,131.15,45.73,73,87,7.29,CN,2020-10-20
sur,22.57,59.53,77.49,61,0,7.36,OM,2020-10-20
okhotsk,59.38,143.3,24.46,81,79,13.11,RU,2020-10-20
athabasca,54.72,-113.29,22.08,92,20,4.12,CA,2020-10-20
bad wildungen,51.12,9.12,54.0,71,90,2.24,DE,2020-10-20
port augusta,-32.5,137.77,62.6,67,90,5.82,AU,2020-10-20
riyadh,24.69,46.72,84.2,11,0,9.17,SA,2020-10-20
teya,60.38,92.63,26.71,97,82,3.44,RU,2020-10-20
port elizabeth,-33.92,25.57,66.2,59,4,25.28,ZA,2020-10-20
bogorodskoye,56.55,37.88,33.08,93,81,9.84,RU,2020-10-20
iqaluit,63.75,-68.51,28.4,79,75,3.36,CA,2020-10-20
cayenne,4.93,-52.33,89.6,52,47,10.29,GF,2020-10-20
tasiilaq,65.61,-37.64,32.0,90,75,2.24,GL,2020-10-20
saint-paul,-21.01,55.27,75.2,69,37,14.99,RE,2020-10-20
majene,-3.54,118.97,80.89,76,100,9.75,ID,2020-10-20
puerto carreno,6.19,-67.49,90.07,57,30,4.52,CO,2020-10-20
haines junction,60.75,-137.51,24.3,89,100,2.91,CA,2020-10-20
roma,43.21,-75.46,55.4,93,90,8.05,US,2020-10-20
chumikan,54.72,135.31,32.59,89,100,5.59,RU,2020-10-20
kavaratti,10.57,72.64,81.68,73,98,10.29,IN,2020-10-20
minas,-34.38,-55.24,53.6,66,100,16.11,UY,2020-10-20
melville,40.79,-73.42,66.0,93,90,4.7,US,2020-10-20
yellowknife,62.46,-114.35,25.0,79,75,2.24,CA,2020-10-20
qaanaaq,77.48,-69.36,23.16,84,0,8.77,GL,2020-10-20
harper,4.38,-7.72,79.99,77,97,9.24,LR,2020-10-20
sioux lookout,50.1,-91.92,28.4,79,75,4.7,CA,2020-10-20
necochea,-38.55,-58.74,64.0,52,53,5.01,AR,2020-10-20
ayr,55.46,-4.63,57.2,82,75,10.29,GB,2020-10-20
yaan,7.38,8.57,85.46,71,50,2.8,NG,2020-10-20
itacoatiara,-3.14,-58.44,98.44,33,59,5.73,BR,2020-10-20
dingle,11.0,122.67,76.8,85,100,7.09,PH,2020-10-20
bubaque,11.28,-15.83,84.04,76,37,7.94,GW,2020-10-20
ayan,56.45,138.17,33.01,78,77,1.9,RU,2020-10-20
shenjiamen,29.96,122.3,67.57,81,31,8.55,CN,2020-10-20
torbay,47.67,-52.73,61.0,63,75,14.99,CA,2020-10-20
souillac,-20.52,57.52,77.0,65,40,10.29,MU,2020-10-20
sao joao da barra,-21.64,-41.05,80.6,61,75,11.41,BR,2020-10-20
sibu,2.3,111.82,75.2,94,40,4.7,MY,2020-10-20
krasnoye,49.91,24.61,50.0,71,98,6.71,UA,2020-10-20
zhangjiakou,40.81,114.88,42.51,52,59,15.32,CN,2020-10-20
bilma,18.69,12.92,94.17,10,0,4.56,NE,2020-10-20
cockburn town,21.46,-71.14,82.69,71,5,9.84,TC,2020-10-20
hambantota,6.12,81.12,80.6,74,20,5.82,LK,2020-10-20
galle,6.04,80.22,80.19,84,10,11.07,LK,2020-10-20
havoysund,71.0,24.66,37.4,86,75,10.29,NO,2020-10-20
jalu,29.03,21.55,80.1,41,0,10.33,LY,2020-10-20
kirakira,-10.45,161.92,77.85,85,100,13.78,SB,2020-10-20
hofn,64.25,-15.21,38.23,71,3,0.92,IS,2020-10-20
murgab,37.5,61.97,68.0,28,0,4.7,TM,2020-10-20
twin falls,42.35,-114.64,52.0,57,1,14.99,US,2020-10-20
southbridge,42.08,-72.03,64.99,83,87,1.99,US,2020-10-20
itarema,-2.92,-39.92,87.58,55,47,21.88,BR,2020-10-20
vila franca do campo,37.72,-25.43,64.4,59,40,19.46,PT,2020-10-20
kruisfontein,-34.0,24.73,64.99,59,0,11.01,ZA,2020-10-20
ola,59.58,151.28,28.53,85,42,7.96,RU,2020-10-20
atar,20.52,-13.05,97.81,16,4,13.78,MR,2020-10-20
thoen,17.61,99.22,70.56,91,98,2.59,TH,2020-10-20
martapura,-3.42,114.85,74.55,83,77,1.86,ID,2020-10-20
santa cruz,-17.8,-63.17,91.4,55,40,17.22,BO,2020-10-20
bambous virieux,-20.34,57.76,77.0,65,40,10.29,MU,2020-10-20
kichera,55.94,110.1,23.43,81,81,1.95,RU,2020-10-20
alugan,12.22,125.48,79.65,84,98,11.45,PH,2020-10-20
koppang,61.57,11.06,28.99,93,100,5.01,NO,2020-10-20
hachinohe,40.5,141.5,48.2,81,20,3.36,JP,2020-10-20
la romana,18.43,-68.97,86.0,84,40,4.7,DO,2020-10-20
canberra,-35.28,149.13,53.01,100,90,2.48,AU,2020-10-20
khandyga,62.67,135.6,15.76,96,100,4.43,RU,2020-10-20
khatanga,71.97,102.5,7.36,96,83,8.46,RU,2020-10-20
thompson,55.74,-97.86,26.6,73,90,2.24,CA,2020-10-20
hay river,60.82,-115.8,19.4,85,75,11.41,CA,2020-10-20
oistins,13.07,-59.53,87.8,70,40,10.29,BB,2020-10-20
goulburn,-34.75,149.72,46.49,96,8,3.33,AU,2020-10-20
susangerd,31.56,48.18,75.2,31,0,2.24,IR,2020-10-20
qixingtai,30.41,111.89,57.0,83,96,4.74,CN,2020-10-20
zhangye,38.93,100.45,47.97,43,0,5.19,CN,2020-10-20
olafsvik,64.89,-23.71,37.94,94,100,12.35,IS,2020-10-20
batagay,67.63,134.63,9.21,94,100,3.85,RU,2020-10-20
anori,-3.77,-61.64,98.11,37,99,4.12,BR,2020-10-20
kattivakkam,13.22,80.32,78.8,94,40,7.56,IN,2020-10-20
mazyr,52.05,29.25,41.4,82,100,5.37,BY,2020-10-20
narsaq,60.92,-46.05,33.8,100,90,5.82,GL,2020-10-20
lexington,37.99,-84.48,64.0,93,75,9.17,US,2020-10-20
westerly,41.38,-71.83,64.4,88,75,9.17,US,2020-10-20
cabo san lucas,22.89,-109.91,82.4,61,5,6.44,MX,2020-10-20
manado,1.49,124.85,77.0,83,40,1.12,ID,2020-10-20
nogliki,51.83,143.17,30.47,88,0,8.7,RU,2020-10-20
capinzal,-27.34,-51.61,93.16,27,8,4.07,BR,2020-10-20
deputatskiy,69.3,139.9,8.55,95,100,2.04,RU,2020-10-20
khash,28.22,61.22,53.65,31,0,6.93,IR,2020-10-20
bitung,1.45,125.18,77.0,83,40,1.12,ID,2020-10-20
porto novo,6.5,2.6,86.0,79,20,16.11,BJ,2020-10-20
sembe,1.65,14.58,75.87,91,88,3.22,CG,2020-10-20
saskylakh,71.92,114.08,21.22,97,86,5.77,RU,2020-10-20
chitungwiza,-18.01,31.08,75.78,22,0,6.55,ZW,2020-10-20
havre-saint-pierre,50.23,-63.6,44.6,93,90,11.41,CA,2020-10-20
isabela,6.71,121.97,78.8,88,75,5.82,PH,2020-10-20
codrington,-38.27,141.97,47.26,89,100,3.69,AU,2020-10-20
san patricio,28.02,-97.52,84.99,74,40,11.41,US,2020-10-20
ushumun,52.78,126.53,38.34,90,100,10.31,RU,2020-10-20
tupik,54.43,119.93,26.19,97,100,9.01,RU,2020-10-20
plettenberg bay,-34.05,23.37,60.91,65,19,8.16,ZA,2020-10-20
ahipara,-35.17,173.17,57.47,82,99,4.5,NZ,2020-10-20
merritt island,28.54,-80.67,84.2,70,40,8.05,US,2020-10-20
jinchang,38.5,102.17,46.4,47,0,3.27,CN,2020-10-20
kaitangata,-46.28,169.85,48.0,86,98,1.9,NZ,2020-10-20
tarnogskiy gorodok,60.5,43.58,32.29,98,100,8.34,RU,2020-10-20
luang prabang,19.89,102.13,68.77,83,68,1.79,LA,2020-10-20
coffs harbour,-30.3,153.13,59.0,87,90,2.55,AU,2020-10-20
discovery bay,37.91,-121.6,66.2,59,1,5.82,US,2020-10-20
kaeo,-35.1,173.78,55.0,92,46,1.99,NZ,2020-10-20
aksehir,38.36,31.42,60.89,63,11,4.72,TR,2020-10-20
virginia beach,36.85,-75.98,73.4,78,20,3.18,US,2020-10-20
ayna,-12.65,-73.92,69.8,26,20,4.7,PE,2020-10-20
limenaria,40.63,24.58,66.2,42,40,5.82,GR,2020-10-20
colares,38.8,-9.45,63.0,93,75,11.41,PT,2020-10-20
szecseny,48.08,19.52,54.0,62,20,4.7,HU,2020-10-20
sao filipe,14.9,-24.5,86.74,54,82,9.78,CV,2020-10-20
brazzaville,-4.27,15.28,87.8,58,20,5.82,CG,2020-10-20
vulcanesti,45.68,28.4,53.69,47,0,1.61,MD,2020-10-20
bilibino,68.05,166.44,19.89,94,100,1.57,RU,2020-10-20
vilyuysk,63.76,121.62,18.36,97,87,4.59,RU,2020-10-20
ketchikan,55.34,-131.65,42.8,100,20,4.7,US,2020-10-20
mwinilunga,-11.74,24.43,80.58,28,28,4.38,ZM,2020-10-20
watertown,42.37,-71.18,63.0,82,90,9.17,US,2020-10-20
gornopravdinsk,60.05,69.9,35.4,97,100,5.55,RU,2020-10-20
harwich,51.94,1.28,62.01,79,100,8.01,GB,2020-10-20
tromso,69.65,18.96,28.4,79,0,6.93,NO,2020-10-20
mitsamiouli,-11.38,43.28,79.72,74,6,7.31,KM,2020-10-20
penza,53.2,45.0,46.0,38,98,10.04,RU,2020-10-20
mananjary,-21.22,48.33,72.84,82,0,8.1,MG,2020-10-20
touros,-5.2,-35.46,86.0,55,40,16.11,BR,2020-10-20
dongsheng,39.82,109.98,33.31,75,0,15.12,CN,2020-10-20
chokurdakh,70.63,147.92,13.15,97,90,1.77,RU,2020-10-20
fez,34.04,-5.0,89.6,13,69,4.7,MA,2020-10-20
nanortalik,60.14,-45.24,37.2,85,97,0.83,GL,2020-10-20
guerrero negro,27.98,-114.06,73.98,72,0,5.61,MX,2020-10-20
gazli,40.13,63.45,60.42,27,0,7.38,UZ,2020-10-20
kieta,-6.22,155.63,78.84,80,54,3.8,PG,2020-10-20
puerto madero,14.72,-92.42,82.4,88,40,5.14,MX,2020-10-20
suntar,62.14,117.63,17.47,96,2,4.32,RU,2020-10-20
mana,5.66,-53.78,88.07,59,91,11.61,GF,2020-10-20
alofi,-19.06,-169.92,71.6,88,85,13.87,NU,2020-10-20
kitimat,54.05,-128.65,42.01,93,97,5.5,CA,2020-10-20
rocha,-34.48,-54.33,49.17,94,100,12.01,UY,2020-10-20
vila praia de ancora,41.81,-8.85,59.0,82,40,4.7,PT,2020-10-20
dustlik,40.52,68.04,59.68,29,0,1.28,UZ,2020-10-20
constitucion,-35.33,-72.42,62.85,50,0,16.69,CL,2020-10-20
mamonovo,54.46,19.94,48.2,87,100,6.71,RU,2020-10-20
devaprayag,30.15,78.62,73.4,88,20,3.36,IN,2020-10-20
salalah,17.02,54.09,86.0,48,59,2.24,OM,2020-10-20
mount isa,-20.73,139.5,82.4,23,75,9.95,AU,2020-10-20
luderitz,-26.65,15.16,77.05,26,0,36.19,NA,2020-10-20
san cristobal,7.77,-72.22,87.8,48,40,2.24,VE,2020-10-20
itanagar,27.1,93.62,70.79,84,0,3.67,IN,2020-10-20
nhulunbuy,-12.23,136.77,77.0,83,47,0.85,AU,2020-10-20
biak,-0.91,122.88,76.75,68,77,6.98,ID,2020-10-20
belaya gora,68.53,146.42,5.58,92,26,2.15,RU,2020-10-20
jacareacanga,-6.22,-57.75,97.45,35,96,4.29,BR,2020-10-20
benguela,-12.58,13.41,77.0,78,90,11.41,AO,2020-10-20
jilin,43.0,126.0,51.31,75,87,10.4,CN,2020-10-20
alexandria,31.22,29.96,79.2,67,0,18.52,EG,2020-10-20
krasnoselkup,65.7,82.47,23.85,98,100,8.88,RU,2020-10-20
high level,58.52,-117.14,5.0,92,40,2.24,CA,2020-10-20
russell,32.35,-85.2,73.4,68,1,5.82,US,2020-10-20
tarancon,40.01,-3.01,64.4,77,20,22.79,ES,2020-10-20
longhua,23.61,114.19,62.83,80,33,3.53,CN,2020-10-20
isangel,-19.55,169.27,73.15,81,44,10.2,VU,2020-10-20
porto belo,-27.16,-48.55,87.01,78,75,16.11,BR,2020-10-20
lisala,2.15,21.52,77.94,80,75,1.77,CD,2020-10-20
meulaboh,4.14,96.13,78.78,84,31,3.69,ID,2020-10-20
weihe,33.0,105.32,49.08,48,75,3.85,CN,2020-10-20
pontes e lacerda,-15.23,-59.34,99.93,31,35,3.94,BR,2020-10-20
kharitonovo,61.4,47.5,33.31,95,100,5.23,RU,2020-10-20
ocampo,21.65,-101.5,61.63,56,4,6.82,MX,2020-10-20
bonthe,7.53,-12.51,83.73,70,80,11.56,SL,2020-10-20
rio gallegos,-51.62,-69.22,50.0,39,75,18.34,AR,2020-10-20
chenghai,23.46,116.77,75.2,64,75,2.24,CN,2020-10-20
san carlos de bariloche,-41.15,-71.31,55.2,40,48,2.17,AR,2020-10-20
cortez,37.35,-108.59,57.99,38,1,8.05,US,2020-10-20
dakoro,14.51,6.76,98.74,9,0,8.23,NE,2020-10-20
roros,62.57,11.38,28.4,79,75,11.41,NO,2020-10-20
jaque,7.52,-78.17,78.15,84,97,9.24,PA,2020-10-20
hobyo,5.35,48.53,80.62,80,4,18.25,SO,2020-10-20
yeppoon,-23.13,150.73,75.2,73,75,8.05,AU,2020-10-20
kununurra,-15.77,128.73,82.4,78,0,4.7,AU,2020-10-20
samarai,-10.62,150.67,78.75,86,44,8.99,PG,2020-10-20
zhezkazgan,47.8,67.71,51.67,31,0,7.34,KZ,2020-10-20
lazi,48.07,24.23,40.01,77,3,1.14,UA,2020-10-20
hasaki,35.73,140.83,55.4,87,20,9.17,JP,2020-10-20
matamoros,25.53,-103.25,71.6,26,5,3.85,MX,2020-10-20
nalobikha,53.2,84.6,41.67,64,44,8.34,RU,2020-10-20
whitehorse,60.72,-135.05,17.6,72,75,6.93,CA,2020-10-20
hovd,48.01,91.64,30.02,80,89,1.3,MN,2020-10-20
ust-kuyga,70.02,135.6,12.31,95,100,6.76,RU,2020-10-20
oranjemund,-28.55,16.43,61.93,68,0,24.09,NA,2020-10-20
cherskiy,68.75,161.3,19.35,96,80,3.65,RU,2020-10-20
aitape,-3.14,142.35,78.15,82,100,2.66,PG,2020-10-20
broome,42.25,-75.83,59.0,100,90,5.82,US,2020-10-20
santo antonio do ica,-3.1,-67.94,94.62,46,80,3.29,BR,2020-10-20
agua dulce,18.13,-94.13,77.0,94,40,6.93,MX,2020-10-20
kihei,20.79,-156.47,71.6,73,1,3.36,US,2020-10-20
chur,46.85,9.53,54.0,65,100,5.99,CH,2020-10-20
auki,-8.77,160.7,77.95,83,85,3.96,SB,2020-10-20
palmer,42.16,-72.33,66.99,77,90,6.93,US,2020-10-20
skawina,49.98,19.83,55.4,54,50,4.7,PL,2020-10-20
nouadhibou,20.93,-17.03,93.2,32,55,10.29,MR,2020-10-20
namanga,-2.54,36.79,78.26,40,94,12.28,KE,2020-10-20
lagoa,39.05,-27.98,63.54,67,14,26.26,PT,2020-10-20
gat,31.61,34.76,82.0,68,0,9.31,IL,2020-10-20
egvekinot,66.32,-179.17,33.51,100,100,7.23,RU,2020-10-20
kiunga,-6.12,141.29,73.65,99,100,1.72,PG,2020-10-20
derzhavinsk,51.1,66.32,54.36,47,15,9.64,KZ,2020-10-20
kjopsvik,68.1,16.37,37.0,86,96,12.75,NO,2020-10-20
segovia,41.17,-4.0,57.2,76,75,1.12,ES,2020-10-20
laguna,38.42,-121.42,59.0,81,1,1.79,US,2020-10-20
ostrovnoy,68.05,39.51,37.99,77,100,16.04,RU,2020-10-20
wanganui,-39.93,175.05,51.01,79,100,1.99,NZ,2020-10-20
bonavista,48.65,-53.11,54.52,82,99,13.76,CA,2020-10-20
mandiana,10.63,-8.68,89.49,51,30,2.77,GN,2020-10-20
wuwei,37.93,102.64,48.99,37,0,5.77,CN,2020-10-20
juneau,58.3,-134.42,37.99,100,90,2.57,US,2020-10-20
stryn,61.9,6.72,37.4,93,75,12.75,NO,2020-10-20
yulara,-25.24,130.99,73.4,49,0,9.17,AU,2020-10-20
nara,34.69,135.8,59.0,73,0,2.57,JP,2020-10-20
kawanoe,34.02,133.57,57.99,84,0,6.98,JP,2020-10-20
trelew,-43.25,-65.31,62.91,28,26,8.12,AR,2020-10-20
waddan,29.16,16.14,78.13,34,2,8.14,LY,2020-10-20
rio verde de mato grosso,-18.92,-54.84,90.28,45,75,9.6,BR,2020-10-20
kahului,20.89,-156.47,71.6,73,1,3.36,US,2020-10-20
am timan,11.03,20.28,85.96,31,0,3.27,TD,2020-10-20
ca mau,9.18,105.15,77.68,90,99,4.18,VN,2020-10-20
moss vale,-34.55,150.38,59.0,100,48,2.24,AU,2020-10-20
dabat,12.98,37.77,55.31,82,33,2.59,ET,2020-10-20
povenets,62.85,34.83,33.55,91,91,12.01,RU,2020-10-20
conde,-7.26,-34.91,86.0,58,40,18.34,BR,2020-10-20
bandundu,-3.32,17.37,79.14,86,77,3.94,CD,2020-10-20
hami,42.8,93.45,45.77,49,0,1.05,CN,2020-10-20
aasiaat,68.71,-52.87,36.25,85,100,12.33,GL,2020-10-20
seymchan,62.88,152.43,16.14,93,84,1.16,RU,2020-10-20
evensk,61.95,159.23,35.22,87,100,4.83,RU,2020-10-20
temiscaming,46.72,-79.1,43.0,93,75,4.7,CA,2020-10-20
lavrentiya,65.58,-171.0,35.01,89,24,9.95,RU,2020-10-20
husavik,66.04,-17.34,33.8,74,48,3.36,IS,2020-10-20
christchurch,-43.53,172.63,53.01,76,99,10.29,NZ,2020-10-20
muros,42.78,-9.06,63.0,84,100,5.01,ES,2020-10-20
mitu,1.2,-70.17,92.3,47,79,3.58,CO,2020-10-20
puerto del rosario,28.5,-13.86,84.2,51,40,14.99,ES,2020-10-20
san-pedro,4.75,-6.64,80.6,74,99,8.68,CI,2020-10-20
sabancuy,18.97,-91.18,82.56,71,8,1.3,MX,2020-10-20
beni,0.5,29.47,64.51,100,100,1.03,CD,2020-10-20
beisfjord,68.38,17.6,30.2,86,49,12.75,NO,2020-10-20
san roque,36.21,-5.38,66.2,82,75,16.11,ES,2020-10-20
muisne,0.6,-80.03,82.4,78,40,9.17,EC,2020-10-20
rognan,67.1,15.39,37.99,71,94,8.99,NO,2020-10-20
lekoni,-1.58,14.26,76.15,82,100,6.73,GA,2020-10-20
xining,36.62,101.77,39.33,62,0,0.85,CN,2020-10-20
aklavik,68.22,-135.01,23.0,79,90,14.99,CA,2020-10-20
kokkola,63.84,23.13,36.0,100,92,1.12,FI,2020-10-20
kamina,-8.74,24.99,73.9,66,64,3.27,CD,2020-10-20
port macquarie,-31.43,152.92,55.0,99,23,2.89,AU,2020-10-20
namwala,-15.75,26.44,89.74,11,0,3.49,ZM,2020-10-20
banda aceh,5.56,95.32,80.91,77,56,7.38,ID,2020-10-20
mujiayingzi,42.12,118.78,48.07,54,5,8.63,CN,2020-10-20
quatre cocos,-20.21,57.76,77.0,65,40,10.29,MU,2020-10-20
yumen,40.28,97.2,48.61,41,0,11.1,CN,2020-10-20
taoudenni,22.68,-3.98,95.74,11,0,12.55,ML,2020-10-20
vao,-22.67,167.48,72.97,79,29,18.14,NC,2020-10-20
pisco,-13.7,-76.22,66.2,72,20,9.17,PE,2020-10-20
tommot,58.96,126.29,25.43,97,100,2.57,RU,2020-10-20
gamba,-2.65,10.0,77.74,84,100,8.25,GA,2020-10-20
petropavlovsk-kamchatskiy,53.05,158.65,30.2,80,11,4.47,RU,2020-10-20
taubate,-23.03,-45.56,84.2,39,40,5.82,BR,2020-10-20
araouane,18.9,-3.53,96.3,10,0,9.71,ML,2020-10-20
margate,51.38,1.39,62.01,79,100,5.99,GB,2020-10-20
paka,4.64,103.44,78.8,94,12,2.04,MY,2020-10-20
kurilsk,45.23,147.88,41.92,66,0,7.83,RU,2020-10-20
vanimo,-2.67,141.3,79.39,77,100,1.25,PG,2020-10-20
panzhihua,26.59,101.71,58.86,82,100,6.35,CN,2020-10-20
kidal,18.44,1.41,100.56,9,0,3.02,ML,2020-10-20
blackwater,-23.58,148.88,69.53,83,64,13.85,AU,2020-10-20
peniche,39.36,-9.38,62.01,93,100,1.01,PT,2020-10-20
portland,45.52,-122.68,52.0,87,75,3.36,US,2020-10-20
oussouye,12.48,-16.55,95.0,75,40,4.7,SN,2020-10-20
carballo,43.21,-8.69,64.4,77,20,3.36,ES,2020-10-20
amapa,1.0,-52.0,96.94,34,2,8.03,BR,2020-10-20
tabas,33.6,56.92,75.2,9,0,6.93,IR,2020-10-20
geraldton,-28.77,114.6,64.4,77,90,12.75,AU,2020-10-20
arman,59.7,150.17,28.0,83,7,5.57,RU,2020-10-20
abrau-dyurso,44.69,37.59,51.8,66,40,6.71,RU,2020-10-20
borogontsy,62.67,131.17,12.11,96,100,4.0,RU,2020-10-20
the valley,18.22,-63.06,86.0,74,20,5.82,AI,2020-10-20
praia da vitoria,38.73,-27.07,66.99,59,40,27.11,PT,2020-10-20
sakaiminato,35.55,133.23,53.6,93,20,4.7,JP,2020-10-20
finnsnes,69.23,17.98,27.0,92,0,11.41,NO,2020-10-20
shelton,41.32,-73.09,64.99,93,90,5.82,US,2020-10-20
svetlaya,46.54,138.33,44.71,57,1,4.59,RU,2020-10-20
quang ngai,15.12,108.8,76.44,91,99,4.45,VN,2020-10-20
komsomolskiy,40.43,71.72,57.2,58,0,6.93,UZ,2020-10-20
verkhoyansk,67.54,133.38,10.09,94,96,3.56,RU,2020-10-20
limbang,4.75,115.0,78.8,88,75,2.24,MY,2020-10-20
belmonte,-15.86,-38.88,73.4,94,90,11.41,BR,2020-10-20
jacobina,-11.18,-40.52,91.18,28,85,8.59,BR,2020-10-20
amazar,53.86,120.88,31.75,97,100,3.51,RU,2020-10-20
baykit,61.67,96.37,23.43,95,91,1.48,RU,2020-10-20
luwuk,-0.95,122.79,76.73,61,74,5.64,ID,2020-10-20
flin flon,54.77,-101.86,26.6,63,90,2.24,CA,2020-10-20
rawson,-43.3,-65.1,57.72,36,51,12.91,AR,2020-10-20
wanning,18.8,110.4,74.07,85,94,13.04,CN,2020-10-20
akdagmadeni,39.66,35.88,50.4,84,35,7.43,TR,2020-10-20
ibb,13.97,44.18,65.03,52,0,2.42,YE,2020-10-20
makushino,55.21,67.24,52.61,44,100,13.24,RU,2020-10-20
san buenaventura,27.08,-101.53,82.99,53,2,1.01,MX,2020-10-20
yangjiang,21.85,111.97,69.33,78,62,10.16,CN,2020-10-20
maniitsoq,65.42,-52.9,36.48,97,100,18.21,GL,2020-10-20
ancud,-41.87,-73.82,50.0,46,0,8.05,CL,2020-10-20
eureka,40.8,-124.16,48.2,100,90,3.56,US,2020-10-20
atasu,48.68,71.64,50.22,35,0,7.58,KZ,2020-10-20
darovskoy,58.77,47.96,33.13,94,94,6.89,RU,2020-10-20
ucluelet,48.93,-125.55,44.01,100,75,2.24,CA,2020-10-20
kimbe,-5.55,150.14,75.34,87,85,3.78,PG,2020-10-20
belyy yar,53.6,91.39,42.8,56,81,2.24,RU,2020-10-20
mari-turek,56.79,49.62,34.54,88,73,8.95,RU,2020-10-20
monrovia,6.3,-10.8,86.0,74,75,9.17,LR,2020-10-20
buala,-8.14,159.59,80.13,78,83,2.51,SB,2020-10-20
natal,-5.79,-35.21,86.0,55,40,16.11,BR,2020-10-20
yining,29.04,114.56,57.52,89,100,1.61,CN,2020-10-20
buenos aires,-34.61,-58.38,59.0,76,90,24.16,AR,2020-10-20
huilong,31.81,121.66,66.99,79,76,5.68,CN,2020-10-20
roseburg,43.22,-123.34,53.6,81,90,3.36,US,2020-10-20
salym,60.06,71.48,36.09,97,100,6.62,RU,2020-10-20
buraydah,26.33,43.98,84.2,18,0,5.82,SA,2020-10-20
griffith,41.53,-87.42,50.0,76,90,5.82,US,2020-10-20
dossor,47.53,52.98,50.18,57,0,7.92,KZ,2020-10-20
pangnirtung,66.15,-65.71,28.4,79,75,12.75,CA,2020-10-20
ausa,41.93,2.25,63.0,75,100,2.71,ES,2020-10-20
sibolga,1.74,98.78,78.87,78,72,3.04,ID,2020-10-20
kralendijk,12.15,-68.27,89.6,66,75,12.75,BQ,2020-10-20
asyut,27.18,31.18,95.0,23,0,9.17,EG,2020-10-20
bathsheba,13.22,-59.52,87.8,70,40,10.29,BB,2020-10-20
lubao,14.92,120.55,80.6,100,90,2.24,PH,2020-10-20
dengzhou,37.81,120.75,60.22,66,94,11.7,CN,2020-10-20
ano mera,37.45,25.4,66.99,72,40,19.46,GR,2020-10-20
puerto asis,0.51,-76.5,82.4,74,40,2.24,CO,2020-10-20
waipawa,-41.41,175.52,50.0,87,100,5.82,NZ,2020-10-20
inhambane,-23.86,35.38,76.78,74,0,15.43,MZ,2020-10-20
fortuna,40.6,-124.16,48.2,100,90,5.82,US,2020-10-20
alacranes,22.77,-81.57,80.6,78,40,8.05,CU,2020-10-20
novosergiyevka,52.09,53.65,42.03,66,18,7.02,RU,2020-10-20
ishigaki,24.34,124.16,80.96,81,75,23.58,JP,2020-10-20
shar,49.59,81.05,40.78,58,3,8.23,KZ,2020-10-20
sambava,-14.27,50.17,77.22,77,79,16.28,MG,2020-10-20
erenhot,43.65,111.98,32.77,84,86,24.74,CN,2020-10-20
papara,-3.98,-38.73,87.8,55,40,19.46,BR,2020-10-20
corn island,12.17,-83.04,81.52,82,79,11.63,NI,2020-10-20
yavas,54.42,42.85,37.92,81,95,10.13,RU,2020-10-20
goure,13.98,10.27,99.0,9,22,5.99,NE,2020-10-20
uthal,25.81,66.62,79.84,20,0,2.62,PK,2020-10-20
onguday,50.75,86.15,35.13,77,53,2.13,RU,2020-10-20
los llanos de aridane,28.66,-17.92,82.4,58,40,16.11,ES,2020-10-20
ixtapa,20.7,-105.2,84.99,78,5,4.7,MX,2020-10-20
kosugi,36.72,137.1,55.0,85,0,2.57,JP,2020-10-20
velyka pysarivka,50.43,35.48,44.22,63,42,10.04,UA,2020-10-20
rodeo,38.03,-122.27,73.0,76,1,3.36,US,2020-10-20
nalut,30.33,10.85,76.03,20,2,7.85,LY,2020-10-20
swellendam,-34.02,20.44,66.2,48,0,14.99,ZA,2020-10-20
tezu,27.92,96.17,71.49,78,35,4.5,IN,2020-10-20
podor,16.65,-14.96,104.0,20,90,2.24,MR,2020-10-20
indianola,41.36,-93.56,37.0,88,97,11.54,US,2020-10-20
sept-iles,50.2,-66.38,43.0,100,90,11.41,CA,2020-10-20
ozernovskiy,51.5,156.52,40.78,70,78,20.98,RU,2020-10-20
alexandroupoli,40.85,25.87,62.6,51,40,11.41,GR,2020-10-20
redmond,47.67,-122.12,48.99,96,85,2.77,US,2020-10-20
iquitos,-3.75,-73.25,84.2,70,99,6.93,PE,2020-10-20
hurricane,37.18,-113.29,55.4,28,1,1.79,US,2020-10-20
lima,-12.04,-77.03,64.4,77,90,8.05,PE,2020-10-20
ridgecrest,35.62,-117.67,71.01,25,1,5.82,US,2020-10-20
zhigansk,66.77,123.37,16.9,96,100,6.46,RU,2020-10-20
san andres,12.58,-81.7,86.0,74,75,3.36,CO,2020-10-20
nipawin,53.37,-104.0,17.6,78,1,2.21,CA,2020-10-20
amga,60.9,131.96,20.39,97,100,1.41,RU,2020-10-20
kulebaki,55.41,42.53,36.86,91,99,9.55,RU,2020-10-20
solnechnyy,50.72,136.63,32.88,88,82,5.12,RU,2020-10-20
sokoni,-6.43,39.55,86.0,58,20,10.29,TZ,2020-10-20
kushima,31.46,131.23,64.08,77,16,8.81,JP,2020-10-20
providencia,28.72,-111.58,84.0,20,5,4.7,MX,2020-10-20
oksfjord,70.24,22.35,33.8,86,40,3.36,NO,2020-10-20
shitanjing,39.23,106.34,38.97,50,0,7.05,CN,2020-10-20
abha,18.22,42.51,69.8,9,1,13.87,SA,2020-10-20
dosso,13.05,3.19,100.51,16,1,6.4,NE,2020-10-20
saveh,35.02,50.36,65.84,31,0,4.47,IR,2020-10-20
urumqi,43.8,87.6,53.6,27,0,4.47,CN,2020-10-20
mae hong son,19.3,97.97,72.61,76,92,2.17,TH,2020-10-20
odienne,9.51,-7.57,86.7,59,69,3.24,CI,2020-10-20
marfino,55.7,37.38,37.0,80,75,11.18,RU,2020-10-20
honningsvag,70.98,25.97,37.4,86,75,10.29,NO,2020-10-20
bowen,-20.02,148.23,66.2,88,0,10.74,AU,2020-10-20
bandarbeyla,9.49,50.81,79.93,76,0,7.85,SO,2020-10-20
novorzhev,57.03,29.33,38.08,78,94,4.74,RU,2020-10-20
turukhansk,65.82,87.98,16.43,94,99,6.62,RU,2020-10-20
cururupu,-1.83,-44.87,87.4,58,100,9.73,BR,2020-10-20
birjand,32.87,59.22,60.8,5,0,5.82,IR,2020-10-20
pravia,43.49,-6.15,62.6,77,40,4.7,ES,2020-10-20
baruun-urt,46.68,113.28,26.89,92,86,19.6,MN,2020-10-20
cozumel,20.51,-86.95,84.2,83,75,3.36,MX,2020-10-20
